id;first_name;last_name;email;phone_number;image_url
1;Lola;Rogahn;Lily.Kihn75@yahoo.com;"(726)-741-5331";withdrawal
2;Aurelia;Romaguera;Wilfrid0@gmail.com;"(210)-765-0344";reinvent orchestrate
3;Summer;Legros;Karson.Hammes52@hotmail.com;"(589)-411-1236";lime Jersey time-frame
4;Nona;Nolan;Dedrick_Cremin@gmail.com;"(742)-956-1941";Movies
5;Louie;Lang;Keith7@hotmail.com;"(686)-691-1498";microchip
6;Dagmar;Farrell;Nya.Bauch@hotmail.com;"(506)-930-2641";deposit
7;Lionel;Wehner;Cathy_Greenfelder97@yahoo.com;"(410)-533-5269";De-engineered communities
8;Dillon;Olson;Macy25@yahoo.com;"(052)-817-9862";Internal Unbranded
9;Alene;Kerluke;Theodore_Ratke6@yahoo.com;"(000)-521-8034";virtual 4th Legacy
10;Merritt;Towne;Herman82@hotmail.com;"(200)-622-9997";Soft Switzerland Arkansas
